[{
        "id": "aec7015498d30fa742382a3089fb587efc5bb001",
        "place_Id": "ChIJvR-_C4En2YgRMEN-S_3dBwc",
        "place_Name": "Atlantis, FL, USA"
    },
    {
        "id": "0fdfb70c6a230250856ad777d7401a1b643a8a8f",
        "place_Id": "ChIJo9mrr7fX2IgRIQv4Uzhfqsc",
        "place_Name": "Cloud Lake, FL 33406, USA"
    },
    {
        "id": "d64e233b6eaf6035aa33c94cb9f2a0d33c5cc5e6",
        "place_Id": "ChIJ8S6t9LjX2IgR4Nv2FTq1VNs",
        "place_Name": "Glen Ridge, FL 33406, USA"
    },
    {
        "id": "fa0f6673cf8a26ca5ef7e270c29d7c0934f35a4e",
        "place_Id": "ChIJC4c7ePcl2YgRXmjm81iLr0c",
        "place_Name": "Greenacres, FL, USA"
    },
    {
        "id": "8659bb1ae2616a6418574e6c72ab06224af6c532",
        "place_Id": "ChIJORRml7Up2YgRddGNJoJ9vek",
        "place_Name": "Haverhill, FL, USA"
    },
    {
        "id": "841e4a22e173a4304f14203008d4f40bb1be60b6",
        "place_Id": "ChIJHeNtPtbY2IgR0yxUlrERVcA",
        "place_Name": "Hypoluxo, FL 33462, USA"
    },
    {
        "id": "5ce1d1f469559f38cf16b62e2aaf20a3c00e22df",
        "place_Id": "ChIJJYuk0YzX2IgRKPtW2Lldj4A",
        "place_Name": "Lake Clarke Shores, FL 33406, USA"
    },
    {
        "id": "905f374712c27a5d9e0b8ad97c4a98482264558c",
        "place_Id": "ChIJFUW_ljPY2IgRe8eos0RLSYc",
        "place_Name": "Lake Worth, FL, USA"
    },
    {
        "id": "d86078f7dff4789efbf274e2b4a91c588d66a980",
        "place_Id": "ChIJmZdKKkPY2IgRpt3V849dHIM",
        "place_Name": "Lantana, FL, USA"
    },
    {
        "id": "4635f6809901b7d47119b1fee9071c5b787ae718",
        "place_Id": "ChIJqXe0KB412YgR7w0SQoJgOP8",
        "place_Name": "Loxahatchee Groves, FL 33470, USA"
    },
    {
        "id": "cc8d7c08153dc062d11b3801c787163552eafda4",
        "place_Id": "ChIJGRVLYuzY2IgRzchqVM4nU_k",
        "place_Name": "Manalapan, FL, USA"
    },
    {
        "id": "237697bc13efbb564c540cfa7ac98216a0cd9995",
        "place_Id": "ChIJDYd8Q77V2IgRu2phbydInv4",
        "place_Name": "Mangonia Park, FL 33407, USA"
    },
    {
        "id": "bef64fcea22148924513a6d2890b1651f719e5a2",
        "place_Id": "ChIJhzdSGPbW2IgRGkem18eSoDs",
        "place_Name": "Palm Beach, FL, USA"
    },
    {
        "id": "0f21dc64a7097126586549899e36beb97adb3217",
        "place_Id": "ChIJ2T2LjgDY2IgREBJA0zvgpfY",
        "place_Name": "Palm Springs, FL, USA"
    },
    {
        "id": "b3f5c81c77467e20c5224aa3862a65b124c26a33",
        "place_Id": "ChIJ9ZBMPc0l2YgRgZ8YFTmDViQ",
        "place_Name": "Royal Palm Beach, FL, USA"
    },
    {
        "id": "8ff409676e9c5d9b30b1a7d397baa48834dc4e56",
        "place_Id": "ChIJF83erKDZ2IgROELXtz3De3A",
        "place_Name": "South Palm Beach, FL, USA"
    },
    {
        "id": "795002f9a79173914d235d166cddcaca050d8973",
        "place_Id": "ChIJPQn610Il2YgRCiYq3AsWb8M",
        "place_Name": "Wellington, FL, USA"
    },
    {
        "id": "a88ae7e912d477683577f70600f4a24a2faa143a",
        "place_Id": "ChIJwa2VtczV2IgR3mvhH7XH7xU",
        "place_Name": "West Palm Beach, FL, USA"
    },
    {
        "id": "0763d2a9ea056955cc195b26c1578977673a6f57",
        "place_Id": "ChIJbb_ei2r5wogRDFTdigwZCyg",
        "place_Name": "The Glades, FL 33776, USA"
    },
    {
        "id": "d541066efbccd81094179e04b326610f6ebe9bce",
        "place_Id": "ChIJYZacRCWn3ogRc-5RYz7MkYg",
        "place_Name": "Lake Okeechobee, Florida, USA"
    },
    {
        "id": "d3e0d0c1fa55a7b2d7f5c7d3e74ed3ea44ee79af",
        "place_Id": "ChIJJ_s278Ij2YgRyZVgyu6mPtI",
        "place_Name": "Boca Raton, FL, USA"
    },
    {
        "id": "e2b13fd84691b7a7cb7ca33b16b9a9b5753718dc",
        "place_Id": "ChIJQ-N3iCDf2IgRNpIns7Gl7O4",
        "place_Name": "Boynton Beach, FL, USA"
    },
    {
        "id": "7763431ac393dd2f83ca7c3ba715e921b1462be3",
        "place_Id": "ChIJ1xlakeLe2IgRgEV-S_3dBwc",
        "place_Name": "Briny Breezes, FL 33435, USA"
    },
    {
        "id": "0d2b0d54b8524dde5b6ee71b4dd72d95687dd427",
        "place_Id": "ChIJ42rskPzf2IgRuLhuUygBeMc",
        "place_Name": "Delray Beach, FL, USA"
    },
    {
        "id": "1f57f8f96c0a98064d1f6a42c8d55714fc835b5a",
        "place_Id": "ChIJizAhM6rf2IgR_G8HYXTG_OM",
        "place_Name": "Gulf Stream, FL 33483, USA"
    },
    {
        "id": "94be2289a2026d3465afae13b7811c14df650a3d",
        "place_Id": "ChIJ-du5zNbe2IgRcVSMMx4hkPE",
        "place_Name": "Ocean Ridge, FL, USA"
    },
    {
        "id": "b786ac762320a0e2c0709d6f0f897602a46e4231",
        "place_Id": "ChIJD06lVo8g2YgR6WOahGqt_5Y",
        "place_Name": "Golf, FL 33436, USA"
    }
]